{"cameraMode":{"drawMode":0,"name":"Shaded","section":"Shading Mode"},"sceneLighting":true,"audioPlay":false,"sceneViewState":{"m_AlwaysRefresh":false,"showFog":true,"showSkybox":true,"showFlares":true,"showImageEffects":true,"showParticleSystems":true,"showVisualEffectGraphs":true,"m_FxEnabled":true},"in2DMode":false,"pivot":{"x":-11.891536712646485,"y":9.503885269165039,"z":-3.0366010665893556},"rotation":{"x":-0.15099622309207917,"y":-0.2743370532989502,"z":0.043639540672302249,"w":-0.9488558173179627},"size":29.29160499572754,"orthographic":false}