{"cameraMode":{"drawMode":0,"name":"Shaded","section":"Shading Mode"},"sceneLighting":true,"audioPlay":false,"sceneViewState":{"m_AlwaysRefresh":false,"showFog":true,"showSkybox":true,"showFlares":true,"showImageEffects":true,"showParticleSystems":true,"showVisualEffectGraphs":true,"m_FxEnabled":true},"in2DMode":false,"pivot":{"x":2.988067626953125,"y":0.9200000762939453,"z":31.1200008392334},"rotation":{"x":-0.15864163637161256,"y":-0.03182457387447357,"z":0.003371685277670622,"w":-0.9870626330375671},"size":1.8247449398040772,"orthographic":false}