{"cameraMode":{"drawMode":0,"name":"Shaded","section":"Shading Mode"},"sceneLighting":true,"audioPlay":false,"sceneViewState":{"m_AlwaysRefresh":false,"showFog":true,"showSkybox":true,"showFlares":true,"showImageEffects":true,"showParticleSystems":true,"showVisualEffectGraphs":true,"m_FxEnabled":true},"in2DMode":false,"pivot":{"x":0.6914982795715332,"y":0.08504985272884369,"z":22.014320373535158},"rotation":{"x":-0.05498270317912102,"y":0.9408628344535828,"z":-0.18766407668590547,"w":-0.27692627906799319},"size":16.983402252197267,"orthographic":false}